Feature,Importance
purchase_bin,0.43649820733216294
weekday,0.18497107272830998
user_country,0.15568932611026687
hour_bin,0.092688714957926
email_version,0.08651108912324969
email_text,0.043641589748084596
