hour_bin,Open Rate (%),CTR (%)
Night,8.685147092434779,1.7500897900545271
Morning,11.40332332670923,2.3889053316984485
Afternoon,10.685862016525574,2.10371571957216
Evening,7.80716723549488,1.621160409556314
