Metric,Value
AUC-ROC,0.6590614903886931
Precision,0.03125
Recall,0.4268867924528302
F1-Score,0.058236808236808234
Current CTR (%),2.119
New CTR (%),3.35
CTR Lift (%),58.093440302029244
