purchase_bin,Open Rate (%),CTR (%)
0,3.833681631476544,0.050443179361533474
1-2,9.691268152462015,1.3215365662448202
3-5,11.14807607808675,1.980415542024983
6-10,12.946107277422634,3.645061597730833
11+,15.753957954840384,6.903711393719179
