click_segment,CTR (%),user_country,purchase_bin
Low,0.5011484652328252,3,0
Medium,2.474505098980204,3,3
High,3.3980143042520443,3,2
