user_country,Open Rate (%),CTR (%)
ES,3.9129126116183404,0.8327480686264673
FR,4.062031015507754,0.80040020010005
UK,12.016650784893926,2.467525954160189
US,11.902028319938768,2.4359806319572708
